Task,Delta Power,Theta Power,Alpha Power,Beta Power,Gamma Power,Spectral Entropy,Mean Coherence,BOLD Mean,BOLD Variance,ALFF Mean,ALFF Variance
rest,4.3918574236084927e-10,1.258917321591847e-10,1.0744768002876283e-10,1.1982121675356984e-09,4.925626925070072e-10,4.275639635242159,0.1454583196010101,129.37330692744754,51522.24589629301,2.16347659730922,27.17831039083203
sleep,7.361486791671033e-10,3.8924798596704527e-10,5.808953385655055e-10,8.893066100435359e-09,1.277156559086862e-09,4.115725368160154,0.1701771851029536,130.4297821657509,51564.942519859535,2.253614123924181,29.29388214622664
rest,1.0731666821575652e-09,2.6788281255818034e-10,2.9935006569093237e-10,3.5756229647049207e-09,7.402406316392517e-10,4.113578743674081,0.1653333803120625,128.78992747877123,50463.95247917616,2.257752264897411,30.603217043067424
sleep,8.29488360828175e-10,3.061938201234556e-10,3.836259358789039e-10,5.2256998110030235e-09,9.118793240604055e-10,4.1116258108344255,0.1592256362738178,129.35168281718282,50925.330683914726,2.3105477197076523,31.62361190447289
sleep,5.743645757722294e-10,3.1904354227053465e-10,4.698673703972795e-10,7.0658748650631236e-09,1.1100166724499286e-09,4.105086103413355,0.1554108647361219,130.40595031010656,51687.178513193,2.126056054660672,26.224810885720384
rest,8.603570418412509e-10,3.827710023045307e-10,6.779104458077597e-10,1.6909041183121743e-08,4.187658106019286e-09,3.923628952696458,0.0092701323483468,144.65825836663336,69964.29234639744,2.106634185370784,28.036349151410835
rest,9.190886929790291e-10,3.594555321090664e-10,6.287955172412511e-10,1.5827489800331442e-08,3.938774863515127e-09,3.92091596909398,0.0280895267550912,144.57929000686812,69046.17830568975,2.4389383841776566,35.10009073970167
sleep,7.708751854202956e-10,4.06311386377979e-10,5.696707197225064e-10,1.5250179277792163e-08,4.1147566738274605e-09,4.058802725106206,0.0063150412531043,137.17470361929736,53099.66850452596,2.596112730000589,39.47376164909349
sleep,9.299158665975483e-10,5.793051608109434e-10,8.438666231201104e-10,2.0795494394208707e-08,5.3225278194102645e-09,,0.0186750256738431,137.37537769522146,52882.67237250279,2.412796063808224,30.59800758394129
rest,1.0726750105525558e-09,7.262707303400676e-10,1.1599566062893583e-09,2.7495828133608014e-08,6.814807521281861e-09,,0.0025884597412986,137.54403588598902,52474.866681064166,2.569650468109021,35.44314400484391
sleep,8.468181644266814e-10,2.2428477471913532e-10,8.065897619605765e-11,1.086373832758051e-09,9.036503053831891e-10,4.052068233228344,0.0377549540465899,136.79809832875458,52311.95060158888,3.7229888977154073,87.1756978489066
rest,1.594531460037847e-09,7.223601776465274e-10,9.805283404982342e-10,2.3350416591704137e-08,5.9039483822185884e-09,,0.0092741922334545,137.5613329483017,52624.702233524265,3.105339936732455,58.47975292660971
sleep,6.46336285109609e-10,3.4939132002362837e-10,4.6421949450346447e-10,1.2798815114603396e-08,3.526165916888502e-09,4.041712334180004,0.0090709830541305,137.19265641650017,53003.71214893755,2.4649348277984457,35.74213251208839
sleep,6.723537290847341e-10,2.3938529342753727e-10,1.741185559561247e-10,5.278149153239469e-09,1.6845536703694972e-09,4.043704613376375,0.0722065018038553,137.60561586330337,52506.88367918481,3.092925621073656,57.40271541574032
sleep,5.487713513483255e-10,2.6197846089636256e-10,2.77234432411743e-10,8.227701210600013e-09,2.382371850749436e-09,4.035005998459615,0.0186292996124581,137.22426413170163,52912.58215209024,2.358781143709411,33.121470075156815
sleep,7.481902030417781e-10,2.3638721230304725e-10,1.1275850046509359e-10,2.964933567834506e-09,1.2095821910985462e-09,4.051141173069302,0.019946927890934,137.01511529095905,52164.21567821493,3.222501936069788,62.01961066424199
sleep,9.300988073880551e-10,5.217555342904137e-10,6.984232304593011e-10,1.7696421328788313e-08,4.6550890450851554e-09,4.108200543051167,0.0084034434134233,137.05112004662004,52997.627829672616,2.551112215172353,37.21627677226159
sleep,7.014031766420096e-10,3.5570101293522416e-10,4.707996671859992e-10,5.4175673907607105e-09,2.646525139551105e-09,3.9558274097551616,-0.0140201813434111,179.11986792374293,98781.23431551788,2.4225345583543567,41.86545837535908
sleep,9.070513996154615e-10,4.566256045463515e-10,6.244108203871162e-10,7.630693311474915e-09,3.383270828064866e-09,3.955637342824196,-0.0185544551810628,177.90866677072927,97401.69295883576,3.4125758344353843,77.37504824344866
sleep,9.871339328210255e-10,5.256385134637321e-10,7.05619742564508e-10,8.835339681559497e-09,3.780597303324297e-09,3.9548281886004015,-0.0136441261769988,177.57126571345322,97195.85806145384,3.0980146553520784,66.56244700577074
sleep,7.270103435367098e-10,3.2731077924429006e-10,4.112822886973145e-10,4.549090736089723e-09,2.3704038053194835e-09,3.959056051894669,-0.0173657507513913,179.95657617382616,99597.79815275008,2.1345835173428727,30.48740831984528
sleep,6.450356119903814e-10,2.5461782094391886e-10,2.791519235360585e-10,2.6943745605143303e-09,1.7339559819705495e-09,3.959260481487087,-0.0174755866900552,179.15712966200465,99541.50563346746,2.1604710370701694,33.3586457441798
sleep,7.975369814985231e-10,4.0297808553671375e-10,5.37054398911985e-10,6.442517551493826e-09,2.973064776633294e-09,3.95549716462459,-0.0152763059627907,178.93110687229438,98485.37994675216,2.2223110524947365,28.533038655937105
rest,7.158617479668853e-10,1.954940385470664e-10,1.7771362126791182e-10,1.465678908570996e-09,1.2235710274938903e-09,3.9604180639540334,0.0053193275716764,178.81975621253747,99460.29393122678,2.4250090338226578,45.84973716144852
sleep,6.010271073839145e-10,2.6694675405715525e-10,3.2325126350939267e-10,3.3095887744749032e-09,1.9764449938829582e-09,3.956626767997969,-0.0173264582609164,179.33255042873793,99326.0942489153,2.139013868509799,30.80173912363711
rest,6.167504678222661e-10,2.0832174410600468e-10,2.2846538046434687e-10,2.006013477209197e-09,1.534039870229563e-09,3.958385265753292,-0.0189453348311321,178.76318241133865,99142.78835152696,2.626492289277098,54.841443510919
sleep,5.292991377855523e-10,9.859997022294288e-11,3.654840632462029e-11,3.633027142216585e-10,6.712857546014441e-10,3.961492976839547,-0.009958499082084,164.10856521603395,84153.2861681289,2.357298961463819,38.13098324944376
sleep,5.62122529872176e-10,1.0662672124604796e-10,3.5698868168498315e-11,4.403513360837327e-10,6.57736285116318e-10,3.961884313846494,-0.0182968943892146,164.06940913253413,84374.7573355942,2.1001252776790347,27.61328821391525
sleep,7.417966582112793e-10,2.2655826827647638e-10,2.0104818234973144e-10,1.515274611849308e-09,1.2007590826036175e-09,3.966159850674803,-0.0146403863020183,164.21745828130204,83629.55764520248,2.5917960066041807,42.976556688636734
sleep,5.387185070746563e-10,9.595167213109524e-11,3.511019733087938e-11,8.657532617649753e-10,7.084795756936544e-10,3.962364790054302,-0.0163663213950602,164.01892201548452,84393.04374639454,2.2950050587219657,37.11089278626108
sleep,6.665585496027798e-10,1.6724465894545262e-10,1.111104065998644e-10,6.828736746135103e-10,8.64940389059921e-10,3.964383576836743,-0.0022491368860446,164.10903122918748,83870.09527256194,2.544070671605415,47.05793004042635
sleep,7.023841724652824e-10,1.6615988073764168e-10,1.1637557263229831e-10,7.791118977553064e-10,8.87094188966083e-10,3.9639104493319177,-0.0058327497726989,164.20642576173827,83468.38712629174,2.445578667523571,48.1252541947672
rest,6.321513407221981e-10,1.3439815270816128e-10,5.124981341570344e-11,1.075354387107731e-09,7.119861977407296e-10,3.965410003002288,-0.0198539043627313,163.61744386863137,84088.60541906944,2.001337412773932,24.34994720080953
rest,5.236017947661825e-10,8.089920678738996e-11,3.747638334628024e-11,1.1868263532856892e-09,7.975196557446799e-10,3.961377022482989,-0.0053412597267767,163.35649064997503,84912.95865085175,2.240187471894552,31.822940958494616
rest,6.166204830115686e-10,8.296956844803789e-11,4.172398662001317e-11,3.9407532470677637e-10,7.58350640536453e-10,3.972463226763447,-0.0079135865043154,139.0586672546204,67938.02626923897,2.7798635816984647,48.853794182642666
sleep,6.677236303772831e-10,2.2443398545027472e-10,2.408637186380198e-10,1.5108735490619971e-09,1.2013010502195988e-09,3.9736276731806406,0.0179650288342045,139.21742786380287,68089.78462720121,3.1173100807246,95.15025880016456
sleep,6.297424742038578e-10,1.7303710913167967e-10,1.3489553369019952e-10,4.2950056568580785e-10,7.669947601278091e-10,3.9733190425583,0.0807980333231364,139.5524319222444,68320.48109991956,2.1912673089488046,30.962310000507525
rest,3.696165813301928e-10,6.947752930883149e-11,4.754832274114349e-11,1.488647603432026e-09,1.029556917307975e-09,3.9666388609838585,-0.0128117268950753,138.90235867257744,67700.13848936684,1.8276665887241683,16.049844861456904
sleep,5.814309182787656e-10,1.0644230242342544e-10,6.913610527083037e-11,1.1371198464429452e-10,7.13890905981798e-10,3.969195210274406,0.0221319732097147,139.49920549242424,68282.88356028683,2.3727257472420686,43.35746359189852
sleep,1.094037880303813e-09,3.2651874099767856e-10,3.769514160455351e-10,3.064275224568521e-09,1.600032134664064e-09,3.9819772905122055,0.0429398859674264,138.8437674512987,67989.00963061239,4.693664037158603,203.6222366421508
sleep,6.73471668337368e-10,1.0887649577215847e-10,5.5932285471384816e-11,2.032875791723029e-09,1.4572434980908275e-09,4.034714268934443,0.0148700705179493,146.25907077297703,61837.91102959323,2.5332474483677005,37.45784283241814
sleep,9.246763914648463e-10,2.3441913823871777e-10,2.5214333057978456e-10,8.152933585233788e-09,2.819271145096713e-09,4.031575066690107,0.0515869614094866,145.71260616466867,61938.67050204052,2.644086550794665,43.4607566233062
sleep,6.425211171730022e-10,1.5929640854895048e-10,6.293483136079784e-11,1.353376002845061e-09,1.3227199117762744e-09,4.036513143276976,0.0088176674115951,145.1407196657509,60900.356834141625,2.68143597970099,42.13426009040931
sleep,6.302996576128205e-10,1.2698194202285912e-10,1.0867760105457917e-10,4.4513164089178784e-09,1.99046793718131e-09,4.0299824501596895,0.0328610955184102,146.11770436854812,61910.92005130753,2.64072606992458,38.88653711162094
rest,1.4909088079943702e-09,4.927413072516683e-10,5.86720091761444e-10,1.5812675525555723e-08,4.579289924555074e-09,4.031199653916586,0.0496409456752013,146.5930044486763,62577.809259232345,3.3655905927538474,68.28414155472943
sleep,5.648404235903757e-10,1.389859152451035e-10,8.824349822587742e-11,1.2262304521272494e-09,1.3393050459948708e-09,4.0445734767138894,0.0098379906851655,145.50428475690975,61064.99757821064,2.371935396435904,28.32456980474944
rest,2.311368976458945e-09,1.15561577192892e-09,1.579788640623071e-09,3.3494632454684214e-08,8.474032227252293e-09,4.04883351416454,0.0300435399285267,146.81977989198302,64397.18205338322,3.233706635282594,66.43719102984903
sleep,3.7374557056752726e-10,2.901947795635316e-10,4.860661226524544e-10,9.885532578167936e-09,2.791097791369754e-09,3.992795928942432,0.1044892056037579,170.65773768939394,81023.87901482133,2.907634416959134,58.427877102794646
sleep,2.808764455320023e-10,1.7378381510850878e-10,2.1549743305862487e-10,5.988349591387732e-09,1.911019363095612e-09,3.990453077051648,0.1112730326504856,170.73835102397604,81626.45119646935,2.3351361007938536,29.45309353490781
sleep,3.090378858754225e-10,1.940663012606955e-10,3.1760304420070875e-10,2.9879004254054903e-09,1.2721349270501934e-09,3.999407686138877,0.0892548264307554,170.70919642857143,81301.69123508559,2.6800698751140337,44.76244455052661
rest,6.9360588400827e-10,4.677073777420405e-10,6.650605450895655e-10,1.4858768742264653e-08,3.854378329320191e-09,3.99432231344832,0.0654222817255822,169.6115177790959,81276.62903653123,1.9537307890233624,23.02796438183425
sleep,3.0871421232366175e-10,1.4618871522873842e-10,1.4620748902406782e-10,1.0310736593296003e-09,8.938695405166396e-10,4.000897232421332,0.0829788339191906,169.91508221986348,80929.36168350336,2.6816042292955737,45.10963224047064
sleep,2.4390849742170117e-10,1.0568469082604462e-10,6.253447086572247e-11,6.05315346840894e-10,8.57396297017299e-10,4.0042739405169385,0.0664678062584233,169.915476502664,80864.63449347403,2.1705061377009773,26.57228271936501
rest,7.705189987240676e-10,6.465754755224912e-10,1.069689721188059e-09,2.5428197306214545e-08,6.4831199183488084e-09,3.987679110039308,0.0538427372314643,169.23862145666834,81067.33451792032,1.9269648872570344,22.48439152557838
sleep,3.716026797317264e-10,1.6638846713990282e-10,1.6479775220694775e-10,6.242814898709666e-10,9.600633674844824e-10,3.994548034898563,0.0684164020489692,169.44843506493507,80435.82855078502,2.5878583122767216,39.523116714786966
sleep,4.6132762440641934e-10,3.968253809170216e-10,6.421155781116146e-10,1.3801743923498404e-08,3.674435730997487e-09,3.991071910471103,0.0729209326730796,170.56887325174824,81383.3144842888,2.367845430186131,29.621130312421915
sleep,5.765380988037592e-10,3.373970152722867e-10,3.998490022205168e-10,2.573076230241539e-09,1.1144223893207634e-09,4.016468567428966,0.0420346058591265,146.38487665459542,73158.3239414412,1.896821639393884,24.3037401505141
rest,8.940110139124235e-09,9.112292809249183e-10,2.366350399057544e-10,3.9115658711743834e-10,9.3867485333167e-10,4.075970400204174,0.1076161619495666,152.94977499063435,73836.84184203717,6.3024329334988485,367.3365542063764
sleep,1.0597200848052895e-09,8.42014623518009e-10,1.2792297281200407e-09,1.5283177132459243e-08,3.5508343001305394e-09,4.033322249948971,0.0565116405085004,146.19213279428905,71972.77139179716,1.8971443519556048,23.548333766587923
rest,8.156455305222578e-10,1.5695705491829312e-10,1.2592672110514754e-10,3.6246130854602925e-09,1.566927204160138e-09,4.018168153026725,0.1069112524000736,155.86989816433567,73809.80035473134,2.772562963621271,57.4943173567345
sleep,1.3350701722150533e-08,1.3658216161017742e-09,3.990451063156846e-10,7.581871353346744e-10,9.470484465387772e-10,4.069968160904414,0.0703445907609144,148.14951473526477,73388.26232202159,6.322961253578179,419.1643470656076
sleep,7.26024124554861e-10,4.4622858984958956e-10,5.99530815655711e-10,5.5517703955770564e-09,1.562629048751027e-09,4.02739220828918,0.0762821070345525,146.28580413336664,72783.48586857,1.930316439700536,25.544639733976755
sleep,1.5160438142940719e-09,1.080268394187267e-09,1.6363833479532743e-09,2.016074967002697e-08,5.136185249944368e-09,4.046444756270473,0.0650100370829712,147.1853254557942,71961.81704896671,2.4581203775970457,56.54800115969894
sleep,8.803172754938421e-10,6.455831674441297e-10,9.491001904562054e-10,1.0670658980758578e-08,2.6100468092358474e-09,4.0301095583298645,0.0564650250482709,146.32477219655345,72449.53747907514,1.994989209609641,26.952110995729463
rest,5.762118036844438e-10,3.212673921410536e-10,3.32063475455715e-10,1.901133496061444e-09,8.0118185305035e-10,4.024030636413265,0.0490010762564736,149.07894404033468,72863.20264625688,2.046664493854947,23.611924423031017
sleep,1.144940686868588e-09,7.059862147218972e-10,9.349679799512075e-10,9.645599522236104e-09,2.2105564974962347e-09,4.029555831079967,0.053154025178759,148.43034551906428,71783.29087238309,3.706174423586951,103.89300965596529
rest,5.00195715630151e-10,2.333315445161687e-10,1.7448429738623678e-10,5.615806487315742e-10,6.116312832039322e-10,4.021452865519182,0.046032989212092,148.6327352022977,72278.21640758967,1.7677847336063923,19.24176318417798
sleep,8.849737721315438e-10,6.101130588009201e-10,7.929901805971031e-10,7.959930844435025e-09,1.917235083046283e-09,4.026283859048798,0.0594152524778425,148.8959426823177,72359.77406534799,2.451672983996417,41.17853077067461
sleep,7.446038490045267e-10,4.672613114893728e-10,5.648927267815889e-10,4.6532838501147315e-09,1.312413414782862e-09,4.02545667117713,0.0577160646871787,149.50126513070262,73244.78173630733,1.910220721506294,23.7508226203079
sleep,8.668034548905425e-10,5.252472710865744e-10,6.70505758212508e-10,6.112535756962757e-09,1.6251254901717412e-09,4.02718646320026,0.0756839153208099,149.57367986180486,73064.14146815214,1.964155095911892,24.56360921286761
sleep,8.601202677539168e-10,5.754665071579973e-10,7.408528995013565e-10,7.076006981870634e-09,1.7776638276651631e-09,4.028246644313694,0.1124356700625142,149.13378703588077,72418.96084479534,2.292364711608118,33.817696698853574
sleep,7.575197271196149e-10,3.990202937385638e-10,4.177771716374047e-10,2.878301991918882e-09,9.801754286675327e-10,4.02649049099908,0.0522549220549674,149.3993010218948,73183.92192154963,1.9846047844601205,24.404856485132893
sleep,1.5643132529533398e-09,1.076450600521992e-09,1.5450987910705204e-09,2.1426872158669378e-08,6.550612162431511e-09,4.060715316807087,0.0446202784039862,156.6811883429071,68098.08757477583,2.7974693372580344,51.09391013390521
sleep,2.1266350714830742e-09,1.3823271172193463e-09,2.008046511374439e-09,2.910096527920485e-08,8.394740278936585e-09,4.066343311487167,0.0473104923837302,156.17511060814186,68239.49462468458,3.582921156994099,86.21664596963826
sleep,1.247748206197923e-09,9.053532080708516e-10,1.298597432966445e-09,1.742751179503621e-08,5.542473274040431e-09,4.058084742828143,0.0462311930959316,157.02083590367965,68171.91161524295,2.151021671086612,29.61146218804204
rest,5.226844496134137e-10,3.36889425411448e-10,3.4100990893128576e-10,2.868769453099504e-09,1.5799174142316392e-09,4.078507041662593,0.0457016775643649,156.77982526848152,67132.00378810393,1.8070689367070865,19.70810376421358
sleep,1.9433453981620184e-09,1.2287879516922726e-09,1.789705404536304e-09,2.5400696326721647e-08,7.54486049692995e-09,4.062997268772651,0.0412778641360879,156.1796421911422,68189.88092234351,2.807744006642348,54.01764896585327
rest,6.506317718791322e-10,4.840078318770143e-10,5.98778322477124e-10,6.561377495129836e-09,2.6351800321223787e-09,4.05320375354497,0.0542182454444538,157.42514886675824,67527.01591032601,1.755739001016816,15.276008057998707
sleep,8.19365544502388e-10,5.724372035283416e-10,7.327870555022174e-10,8.565515641997634e-09,3.1358381303736982e-09,4.055084354865038,0.0473986216705026,157.4673185772561,67246.93373616219,1.7901842552020366,17.4606067266426
sleep,1.1066053144729092e-09,7.925536930761544e-10,1.062574303069498e-09,1.3504812383785092e-08,4.545669539898119e-09,4.0590109448244345,0.0583699527581817,157.23817405511156,67647.08347412666,2.2952297484103945,30.40780803223149
rest,6.158901404682005e-10,3.478435681648749e-10,4.3770867271119587e-10,4.639521757444264e-09,2.1176597917653507e-09,3.9771183834271344,0.0011022014712511,155.9697569773976,77578.20428779797,2.098276376647993,26.84002614948751
sleep,7.618648890713333e-10,4.699107857141661e-10,6.05479523310508e-10,6.737053141599864e-09,2.65267623874478e-09,3.987010708833629,0.0080701387496505,154.71875052031302,79251.013364223,2.204705399793367,30.68281142132621
rest,7.58831945120053e-10,4.059555877838686e-10,5.109834922117787e-10,5.482543939616809e-09,2.371444044137169e-09,3.984832609068647,-0.0024563012587432,154.37226551573426,78407.98312961221,2.045253853596525,25.24236884714309
sleep,9.797028934388087e-10,5.53368663465718e-10,7.31922920528156e-10,8.567525296897125e-09,3.152602228856989e-09,3.992361535415152,0.009197504286621,154.80060198135195,79105.2221249415,3.040541824366478,78.44033720442178
sleep,1.1776104239228634e-09,6.404110744937084e-10,7.833980930776057e-10,9.284381737565264e-09,3.35335799343337e-09,3.9959614265087495,-0.0009467520895601,153.0533681422744,78828.8417512107,2.863115190500885,57.54470844587794
sleep,2.232462593302691e-09,6.793217790818706e-10,5.370267872515475e-10,4.520038597734e-09,1.8572150321695766e-09,4.015494113964983,0.0433045344519894,135.38835824592076,66300.97399278716,5.873312665717729,277.8306866066086
rest,4.874146705531523e-10,1.75209663512129e-10,7.238462132701588e-11,1.6019327436133946e-10,7.29686097943184e-10,3.968834839589425,-0.0069265467018924,138.021847746004,68542.61128600623,2.995129319470366,54.2472070258996
sleep,8.23028499391269e-10,2.69266799027359e-10,2.1936805234591967e-10,1.253344499031425e-09,1.079494157126162e-09,4.016840100788135,0.0126171437868089,150.06658383283383,73884.76469918997,3.920750901070658,94.27851607402654
sleep,7.041096342445867e-09,1.006702747201024e-09,6.229943553570117e-10,3.319579391394568e-09,1.65569623307951e-09,4.068418459764766,0.025070508322768,136.55511623792873,66683.66837497515,6.533845479490412,410.18524022815546
rest,4.73301750279529e-10,1.994062143467926e-10,9.756711155678523e-11,3.2503734250977086e-10,8.445723262698043e-10,3.970546137891189,-0.0061443014648619,137.60412272102897,68095.9064675246,1.938088084923536,21.998585845134816
sleep,1.198273512217477e-09,3.7315541640198814e-10,3.143559873539484e-10,2.1752790396491987e-09,1.3658059976467167e-09,3.997835908527665,0.009430605396604,136.84998489010988,66393.79852801736,3.784434888618243,125.59815382117682
sleep,1.574535053502683e-09,5.88305398137036e-10,3.0437529991133817e-10,1.310708568551659e-09,1.320719019974974e-09,4.058066210775216,0.0669591479690171,126.3085812937063,46684.43086033574,3.8823657100235263,91.35251043909564
rest,9.901767530876787e-10,4.0778072055097034e-10,1.3847782266589029e-10,2.6674458796939203e-10,1.2536758248333403e-09,4.052207272327202,0.0517581958043669,126.22201092657345,47459.10833589867,2.9448606608566488,59.35747757084187
sleep,1.0206494395139766e-09,3.7720099412663586e-10,1.3586903443510038e-10,3.0654951967284337e-10,1.2193436357009862e-09,4.045343997812566,0.0479495610673376,126.40821203796204,46649.05869616135,3.053334439775985,62.12354933347852
sleep,2.515344091752283e-09,7.043620847137726e-10,2.7375162912872827e-10,6.23332725435557e-10,1.252221853391504e-09,4.071007641549044,0.0516265426960376,126.2699181027306,46794.35794495882,3.7400634108281294,93.54773875870798
rest,1.661463149909025e-09,5.641602171796268e-10,2.556281488111689e-10,2.8090626119252406e-10,1.2880431135850742e-09,4.0631551503298855,0.0517362788592213,125.32568302010488,46574.91232060224,3.305991838334762,65.77915943839585
sleep,1.616371727585621e-09,5.76897853538665e-10,2.933333443445641e-10,9.929403823209314e-10,1.209421589898464e-09,4.064528918793871,0.0593150879373212,125.23656471653348,46203.73890598476,3.7444467145214295,95.41293858634948
sleep,2.2617136994893193e-09,7.295070097827821e-10,2.968845141352392e-10,3.2947772895862216e-10,1.2804029967753582e-09,4.071380458733036,0.0573320372393632,125.29258072136196,46313.680768618135,3.3057871561756693,65.0539738533947
sleep,1.126538794449271e-09,4.990758185359396e-10,1.6751857882576657e-10,3.909191901642241e-10,1.2233473709036659e-09,4.045360455142264,0.0717767673894572,127.34840707209456,46980.18689472999,2.5727814289326063,41.19139259528
sleep,1.6633991843682082e-09,5.806524328113882e-10,2.7714367551127136e-10,8.583976500742075e-10,1.2297527869010616e-09,4.060367118095822,0.0492086248251319,125.98914197261072,46900.82826013148,3.44971405426349,72.91882022897953
sleep,4.72948174396527e-10,1.801561475162904e-10,6.385508190461776e-11,1.0114988140159042e-10,5.347869690735145e-10,4.013379839090945,0.0038246003412202,139.97124319430569,66435.39660338679,1.978749706438439,24.0216773969501
rest,5.760240641371254e-10,1.8160673132989763e-10,3.802479580110516e-11,7.661250252923481e-10,6.211016049487253e-10,4.012894491662834,-0.0013886434114158,139.5548618725025,66333.28201933348,2.1367735625652418,33.28490216690468
rest,5.928531782757543e-10,1.5927357187973919e-10,3.7803581548453556e-11,5.145866731041071e-10,5.022091465243312e-10,4.014814818675175,-0.0009200397114406,138.6398758116883,65039.95562875087,1.9340968412644668,21.426556924632013
sleep,5.117114950362335e-10,1.847388152554334e-10,7.728732369198784e-11,1.9008868442224846e-10,5.82172611030271e-10,4.014357626432613,0.0184468419674668,140.11648352688977,66427.59305797199,1.994192599184747,24.17122390398796
sleep,6.284406488851244e-10,1.4441768836173646e-10,4.0530290794435305e-11,2.9234085891135427e-10,4.691020808569003e-10,4.014672669883922,0.0007932983088091,137.68002961621713,63921.76293199483,2.466575498781688,38.87902108695648
sleep,5.08882876927546e-10,1.8407511704343656e-10,9.186256285493001e-11,2.77017790706572e-10,6.19813241987115e-10,4.01310124763308,0.0376804177879005,139.26639445970696,65655.18600362646,2.2698214408312265,40.782920601534
sleep,4.676008369026336e-10,1.6744294529624926e-10,4.991536420153279e-11,7.582484940864164e-11,4.903705623361185e-10,4.011360179952426,0.0057906108206019,139.37715503246753,65654.8981779494,2.371115898848729,37.26657519616083
sleep,4.997704152270503e-10,1.4925692450441949e-10,4.2620821386389686e-11,1.5678658906118554e-10,4.808845774879068e-10,4.0130241231561365,0.0185894472623038,137.83057220904095,63653.52305884429,2.139929338843633,22.990917342258523
sleep,3.1080920712789702e-09,7.30769072687572e-10,1.1099553148684231e-09,2.6397312576063324e-08,6.775345794145041e-09,4.040554098457491,0.0284202152969099,150.37994727147853,70433.85501930637,3.3340545173353338,86.90152079684077
sleep,8.354479568791041e-10,3.3441964314248636e-10,5.535514329600362e-10,1.493660176632891e-08,4.069397625924045e-09,4.0112667041038215,0.0326456889720992,150.76437819472196,70119.25098381139,2.5650239147248817,39.63276464981311
sleep,1.3287206942685707e-09,2.8310054830326216e-10,3.381345973538555e-10,9.541732760038709e-09,2.771342977123154e-09,4.026954333182565,0.0266561439167421,150.4802032654845,69840.10907739066,3.419150684905388,84.23099264938712
sleep,7.686715981430286e-10,3.4392564606550325e-10,6.3304207506416e-10,1.662615386107471e-08,4.439490790877765e-09,4.009528519711401,0.0269528827933078,150.57588733141858,70391.52680348807,2.6179080884697528,41.28859630755076
sleep,5.939386573394522e-10,1.7813347609949936e-10,2.6631071950688526e-10,8.110224316158184e-09,2.4244341752666038e-09,4.017831304790205,0.0235032689011533,149.5104806027306,69726.4680840051,2.50079724158357,36.70257151085076
sleep,7.97936652897139e-10,2.539431338995753e-10,4.198351125193039e-10,1.1740930840324597e-08,3.3005174842276755e-09,4.014066675711151,0.0257137113916615,150.79733102314353,70038.57946466352,2.6671703694720006,40.78142951553172
rest,1.934584795464268e-09,7.26925621590387e-10,1.1785602910594171e-09,2.7893615243058733e-08,7.046543739831011e-09,4.019560275528239,0.0206054802261138,150.833344389985,70762.16848372808,2.474774839410999,33.19461166242909
sleep,9.969248465357192e-10,5.497868520263597e-10,1.014226990327772e-09,2.5020333877070293e-08,6.449143316241155e-09,4.0061305804547445,0.0239247646522109,150.5742935501998,71280.26201093795,2.817162069878884,51.86034719184168
sleep,7.343631513171772e-10,4.309871791469551e-10,8.145858876898046e-10,2.070603781877187e-08,5.427266401010133e-09,4.007361901076829,0.0242636716955531,150.80517119338995,71110.2585951721,2.595504265967474,42.03693925879172
sleep,7.513741646730595e-10,4.0189945693077317e-10,3.751121946415104e-10,1.896855447105777e-09,1.0987734901848587e-09,4.031225500430675,0.0692269771132992,165.44403213453214,72788.89593280361,2.81795475266852,59.14004614367296
sleep,1.4059629750106575e-09,8.198627463095744e-10,7.46865975817746e-10,5.766769115886851e-09,1.8381397691261766e-09,4.048867099851737,0.0600851904543331,164.03526366341993,73339.13579070041,5.077181996428686,189.74014569018576
sleep,1.6093991315261911e-09,5.656140624888661e-10,5.189941107453802e-10,2.916274846893876e-09,1.3067343475150961e-09,4.052879920433371,0.0894691440076957,164.96793556443558,73139.12534593552,3.1673984045851573,71.81497240073563
rest,6.536923499040395e-10,3.1551657705179474e-10,2.7451713602158083e-10,9.659469828148139e-10,8.478530802755326e-10,4.027445449926107,0.062087780500167,164.69701946491008,73712.66084073533,2.96957875694239,65.32036845659974
sleep,2.8540652082921754e-09,8.435345076230021e-10,8.646080903648193e-10,7.955272808435141e-09,1.684482605024448e-09,4.060437121113212,0.0485270782149895,162.58299799159175,74299.35058023981,3.795191591088206,112.77812584595334
sleep,8.683592982052813e-10,5.061408023086856e-10,5.217660539790773e-10,3.4760991276410878e-09,1.4200237509725861e-09,4.034874633043337,0.0697926513271966,165.15785051406925,73144.85049670801,3.833977013436049,109.14324533627992
sleep,2.3209706989413882e-09,7.244690991338801e-10,7.057213415115954e-10,4.752435529742326e-09,1.6713534607990502e-09,4.066308695571962,0.081276226725079,163.95867658383284,74218.68954667303,4.4463502358630524,152.0457800957161
rest,7.819552601946523e-10,3.864388057969507e-10,3.1942662564147315e-10,1.2712950938362716e-09,9.370883380781236e-10,4.031988562694482,0.0558470478475848,165.04729829545454,73004.83475968645,2.287443597049107,30.680769871076983
sleep,4.363522089870246e-09,1.0288688752819388e-09,1.0646768024393003e-09,9.620001009494496e-09,3.3219718833304715e-09,4.084984163805582,0.0447706485728767,162.50286346986346,72593.74675678568,5.34228612884095,223.3795219140718
sleep,1.1567524638472778e-09,7.436804520818824e-10,9.578482776339354e-10,1.1612015524732164e-08,3.936339972981413e-09,3.988025018779272,0.0332581207154977,168.77470893689645,80533.55010261964,3.703630626425012,93.19517469434672
sleep,1.630757218937197e-09,9.534041942088584e-10,1.2393411730111515e-09,1.5986514596241722e-08,4.863371897015418e-09,3.987095811919862,0.0341883699669287,167.50668572052948,80348.45344225157,3.4902919829609544,65.36043116324088
sleep,2.052603007164075e-09,9.273238150100855e-10,1.168526014984426e-09,1.4756424441494582e-08,4.603483612395234e-09,3.992539775052239,0.0352283827170672,167.64502353896103,80115.54855993536,3.654829637526003,81.4095040622977
rest,8.54446591479115e-10,5.14862533062676e-10,6.152092845940883e-10,6.547474409797172e-09,2.28084234108652e-09,,0.0177252605792764,144.26749801760738,59236.93742703168,2.180843148206626,22.075886286187643
rest,8.626784077935842e-10,4.5387504097387326e-10,5.30274472331522e-10,5.375658334467447e-09,2.095740271531509e-09,,0.0106287935366566,144.8584310221029,59029.801030448754,2.441732082691459,33.58997625077511
sleep,9.626280257208052e-10,6.629995133015033e-10,8.52598539008658e-10,1.028036205426118e-08,3.5734087378567595e-09,3.986753901266528,0.031989658270086,169.27071903096902,81601.78689085977,4.545223173298184,126.36634758743234
sleep,1.476329638762516e-09,8.090456075364916e-10,1.029055004229374e-09,1.2726900740817676e-08,4.108726434802064e-09,3.9904425616620935,0.0320259571505974,167.64290886197136,80679.5628305118,3.551902575520371,88.69949112619837
sleep,1.3665280718699842e-09,8.68362811634111e-10,1.143702332428974e-09,1.4404680372964237e-08,4.710358477065241e-09,4.028596528542865,0.0395802170414307,131.31567068348318,51401.85545778897,2.896143496797383,50.218475433965565
rest,1.0737833571254095e-09,5.909814636595297e-10,7.823716976713143e-10,9.237342919147073e-09,3.316012409735763e-09,,0.030808023770445,132.81820925949052,51355.07993348919,2.438661696310171,35.2581372185101
sleep,1.246399348252624e-09,7.805430538651801e-10,1.026120205520025e-09,1.2915766116011993e-08,4.370351751514935e-09,4.023039120425714,0.039696154956385,131.68746133033633,51394.41199733968,2.859965808337252,47.85068841204271
sleep,1.5015615375911402e-09,8.79597767119063e-10,1.1953198199104912e-09,1.5538939801045806e-08,5.039468700544341e-09,4.027102485441415,0.0373761537063837,131.32284727772227,51336.57389786117,3.860214175015346,105.73457445464577
rest,1.1654462758393555e-09,6.537852029573983e-10,8.609891917650994e-10,1.0380080999042218e-08,3.681415863606886e-09,4.018851218125033,0.0439507942584618,131.4229347371379,50889.05915466388,2.664509741653046,45.6596579696112
sleep,1.0810672802492336e-09,7.060311830551525e-10,9.198572630562359e-10,1.1278776500219414e-08,3.921307830761443e-09,4.019241250246356,0.042098815935395,131.91022788669665,51052.71303369768,2.517162385993734,35.16888470748829
sleep,1.695901876544141e-09,9.58137825967709e-10,1.2573649166148087e-09,1.6486472218160632e-08,5.307660559642678e-09,4.023454822414729,0.0622814495870199,130.58856831709957,51169.38508176892,3.918408309154585,94.15445509401708
sleep,1.37027884220494e-09,4.3644658076312607e-10,1.0263823822677062e-10,1.2237747302935906e-09,8.410645904812272e-10,4.053935365339742,-0.0042291682635823,188.1886205461205,91945.5052616374,3.900936041984838,122.34749264474031
sleep,8.57107257485886e-10,3.3811334468619016e-10,1.4135414628765088e-10,3.6816617131332885e-09,1.5971742296901903e-09,4.01709593861528,-0.0095804546062374,190.28556795288048,92063.72729557936,2.81041553160718,45.37264037843802
sleep,1.1322283612672583e-09,3.668483448865728e-10,9.372717382745756e-11,1.542181468892635e-09,1.0378109786067027e-09,4.033486935729638,-0.003245952291403,189.2772298742924,91807.74680830677,3.706380739508552,101.88319118977395
sleep,8.683663687129196e-10,3.68406542281999e-10,1.7084653986629678e-10,4.292896619544053e-09,1.7601936622985923e-09,4.01678813792358,-0.0011878613323989,190.4248456543457,91940.16418823824,2.492343628506917,34.454559831278345
rest,7.89457011048855e-10,3.6004584640902133e-10,2.371810001131209e-10,6.556846930594993e-09,2.374845783260559e-09,4.014788798590756,-0.0067565127714928,189.63384734015983,92433.97810802227,2.7213988986399955,45.57584772617516
rest,7.57254168309483e-10,3.243230671940549e-10,1.8410761364542027e-10,5.146556907541922e-09,2.0119203577028836e-09,4.013744004599195,-0.0051238006714558,190.6109658622628,92321.51604306493,2.9866469068068406,54.27146992600076
sleep,7.481032673385121e-10,3.017096275173837e-10,1.0452012209574154e-10,2.520989990105086e-09,1.2531235385216814e-09,4.016314629394053,-0.0033250523867089,189.9837800012488,91916.54156161829,2.6523089679131897,38.33428999489005
rest,2.9321065365642024e-10,1.5781848198121847e-10,1.8899340891796608e-10,5.710069485601354e-09,2.051908633854225e-09,3.988732705948732,-0.0136029732494798,154.27230610014985,82150.4262180814,2.590545990878008,43.96505062172669
rest,3.8380521527264465e-10,1.4765169223525114e-10,1.5555407823586588e-10,4.616723507845685e-09,1.739728599368758e-09,3.992107839693968,0.0010258903561233,155.13643309815183,83159.4068424906,2.6218839014774544,39.96571775487951
sleep,1.067107707514991e-09,8.141996486688481e-10,1.179633961140132e-09,1.6372564656185893e-08,4.085995271185185e-09,4.001983471477231,0.0472263083419993,169.79142936230437,92159.2736003123,2.953554933134668,57.98085055400971
sleep,1.346017845329956e-09,1.1357091529358503e-09,1.7881576025480687e-09,2.6702394844879134e-08,6.2686009399140014e-09,3.994744810977516,0.0164644326715665,169.55751914751914,91599.57952916836,2.83587710155221,65.56853392071437
rest,1.1142450750608423e-09,7.196130263306401e-10,9.603670337341587e-10,1.2751515138498033e-08,3.287461678755679e-09,4.006794037230817,0.0316204261158287,168.5975290959041,91727.16899185286,2.44300554433494,64.28093978285216
rest,9.660344471687386e-10,6.325268458348653e-10,8.3319359703264e-10,1.1041547041907256e-08,2.886432505664608e-09,4.132563415101954,0.0288400735300434,168.22153284215784,91726.71086069994,2.032457081507935,36.56784063486841
sleep,1.156353451518942e-09,9.296941392778023e-10,1.4122142634336203e-09,2.039552060777213e-08,4.974881862915721e-09,3.996444559440439,0.0143236319511494,170.2352694493007,92451.7003226016,2.401031967865129,39.686757633010885
sleep,1.0616430649501102e-09,8.742917712221902e-10,1.3090837130017807e-09,1.862367051051698e-08,4.617202260757568e-09,3.9974240100945577,0.0164685054209672,169.90538393897768,92302.2567875299,2.8259271839329982,50.11246691861031
sleep,1.2524147716793392e-09,1.0724567271191387e-09,1.648419886968434e-09,2.4495066728590186e-08,5.795578113642315e-09,3.994219270812852,0.019067580976895,169.59785711163835,92097.18110509598,2.7483489301216943,53.39206785591716
sleep,9.456192021397126e-10,7.80980638618272e-10,1.1544375689523699e-09,1.6024240973791086e-08,4.020444043024459e-09,4.000617789933699,0.0446533840159311,169.66791330544456,92648.16661554042,2.6158288597385835,51.08993983328408
sleep,1.1759768578717211e-09,9.687916451955266e-10,1.455573014531735e-09,2.1082921852689214e-08,5.061508750007388e-09,3.996494377815358,0.0155823294184794,169.42446201714952,92071.34721230356,2.4713708119622035,37.61366012069924
sleep,9.538777055340502e-10,7.35770863349397e-10,1.0648716422894795e-09,1.460098067736658e-08,3.7177161676671442e-09,4.00118677127228,0.0226310862994415,169.03901678529803,92439.32413077728,2.405701196058597,37.12722728870131
sleep,7.07744039171041e-10,1.6553018290224328e-10,4.670857651467002e-11,1.587734516298114e-09,5.845030916642283e-10,4.080944437603673,0.0272946646466098,148.0490152139527,59144.37517439023,2.121122609532098,28.704613043879046
sleep,9.991010145806203e-10,2.2178625659116926e-10,7.551115559358241e-11,1.823184126956164e-09,5.654254670971282e-10,4.031809155137266,0.030299042672225,145.48960157550783,58076.18316761776,3.11416210667886,69.72049461103187
sleep,8.453158338699313e-10,1.5659927593603348e-10,5.0496611563057845e-11,1.808511015847205e-09,5.971444892166484e-10,4.051690093693939,0.02659600224027,148.32558248002,59805.10332453262,1.5173503923185276,7.883720176639104
rest,9.72138592813406e-10,2.1501811762996632e-10,7.388440157418088e-11,2.083365876958565e-09,6.404796356803113e-10,4.015665630918913,0.0506819659433491,146.02077701985513,58380.61656964223,2.5612080724484656,42.2101030224229
rest,7.895648704972122e-10,1.6775040532448652e-10,5.1398301741242285e-11,1.673239035213308e-09,5.818477725642901e-10,4.008432403105946,0.0801746532416682,157.28534137737262,67503.26114164336,2.217724861871112,27.271476114399924
sleep,1.0122216020125262e-09,2.0350824462641907e-10,4.245805352904115e-11,6.695888114312961e-10,5.834047122574193e-10,4.058809688600983,0.0312119187314362,147.26290715534466,58184.21417276379,2.333344778455804,32.0106675722373
sleep,8.521225981582675e-10,1.7780730108166128e-10,3.901611330546916e-11,9.430273093427614e-10,5.602091707295102e-10,4.114852632436904,0.0309861805023778,147.95600096778222,58768.99629519788,1.952448994615534,20.19722200766584
sleep,7.52459161648673e-10,1.8197590081478868e-10,4.132864531508898e-11,1.116168454388296e-09,5.582862225425496e-10,,0.0320390096195133,147.4930280969031,58204.10732618426,2.122170426136885,24.571572829058805
sleep,8.396447773797582e-10,2.0513329950976307e-10,4.4877062081917016e-11,1.3924242681668787e-09,5.69460001563418e-10,,0.0325688478985586,148.18861448967698,58799.7675062635,2.2634744081958544,29.940897386938843
sleep,7.484041549698104e-10,1.7054496553955795e-10,5.3077937225683096e-11,1.9334694809436515e-09,6.095700604568604e-10,4.03754180436873,0.0274961844528159,147.63555249958375,59627.04101854344,1.7481780152005475,13.954622284969776
sleep,5.469311419201743e-10,1.5633174522223834e-10,3.5556189997411e-11,2.373175970586823e-10,7.117209625906266e-10,4.047368644100314,0.0337006711931314,143.5741846278721,50903.27460301397,1.7968107411308742,14.824697988105228
sleep,6.092509042684632e-10,1.744509073030738e-10,4.628040857328703e-11,1.5255112150619188e-10,6.849784386886156e-10,4.049127626764182,0.0395330768561444,143.68866787379287,50734.64436185113,2.4069082165374263,34.58499149623758
rest,5.730567927680481e-10,1.485104406243569e-10,2.911689303515233e-11,3.6756340904948687e-10,7.106791861140506e-10,4.047449086719197,0.0420117359862241,143.77801482892107,51158.011265603214,1.838561417986291,17.39200671717382
sleep,5.691114684768692e-10,1.735339080721389e-10,3.4914376818594366e-11,2.6595742988741354e-10,6.794032259016215e-10,4.048853261397259,0.0329444330617721,143.25350369422245,50914.23335776556,1.9349382457991524,19.81138285254472
sleep,7.01566552522372e-10,2.127597861837805e-10,5.2268419088544795e-11,1.4191595413192948e-10,6.933590266002902e-10,4.050416012405418,0.058064221221812,144.10691358641358,50627.72926610094,2.4273310843282268,29.081856514269123
sleep,5.30562634546701e-10,1.5341433838619196e-10,3.8537557694466025e-11,1.8634492244250248e-10,6.867220666825345e-10,4.0479116404573325,0.0354997283928076,143.59570866633368,50917.03159118305,1.815591873164528,15.96065224610848
sleep,1.140757708208862e-09,3.1804522466194047e-10,7.686511670908794e-11,1.4674046367175448e-10,6.901372214573236e-10,4.062173205286109,0.038161400049859,143.8087330482018,50315.88032476402,4.009341784410439,112.27997507491432
rest,9.176267270994763e-10,4.081757863158447e-10,5.702820196203343e-10,6.8882471986418195e-09,2.925957379997892e-09,4.011439287247779,0.0254176420966347,141.84050338723776,61445.729764298885,1.8379500852081312,23.958409113957178
sleep,1.3208355565835501e-09,8.67780050171266e-10,1.349751502399141e-09,1.9475220288667764e-08,6.345840620317432e-09,3.997217411554004,0.0413060995927638,141.5834708520646,61026.3569290536,2.169141101333309,23.4107841436501
sleep,9.87869549515395e-10,5.607928541778165e-10,8.232651469985372e-10,1.0799045525132056e-08,4.044904378931954e-09,4.006727577087486,0.0243076196599885,142.79936633158508,62174.66508428264,1.7924960165168708,15.72907373221705
sleep,9.128740604529792e-10,4.434054905053659e-10,5.998420637657835e-10,7.4495206901905e-09,2.9589843959647803e-09,4.012335141905069,0.0290952351417432,142.32340994422245,61842.35271332554,1.6810069298716737,12.474573505509202
rest,7.869849072740725e-10,3.389427602487395e-10,4.5073443035333127e-10,5.161838008798238e-09,2.3113772560394048e-09,4.160629638279245,0.0291110009451923,141.58866382055444,61794.13052215589,1.8885365261055616,29.901168110951165
sleep,1.1000000718803627e-09,7.089390540816135e-10,1.0780000538110432e-09,1.5044861918703888e-08,5.19192534102236e-09,4.001283792980253,0.0274687103285753,142.4689572927073,61826.61857139845,1.7427560117872938,15.039488392838928
sleep,1.254146362817748e-09,7.918021191001357e-10,1.2215762797036927e-09,1.740793009605556e-08,5.803084930750449e-09,3.999263751940995,0.0259379326245098,142.40940572968697,61745.265049483685,1.7701959022480809,14.64913068899002
sleep,1.0845976930721411e-09,6.388431068883682e-10,9.60496727843207e-10,1.2999644822042902e-08,4.6526186561613975e-09,4.004741482998784,0.0248274138202909,142.60903024059274,61976.25869338857,1.7598474431858522,15.148180276507842
sleep,1.356451091029628e-09,6.346518667716355e-10,9.580089181207315e-10,1.710017840227973e-08,4.954371449181841e-09,4.0916549110365885,0.0520708310970381,127.147334758991,64492.38623291342,2.76270717098856,57.95561855168542
sleep,1.1998415421084167e-09,4.977604248415614e-10,7.39995651276602e-10,1.7165908244204542e-08,6.709262142703186e-09,4.028651973984792,0.0570254976925009,128.34895690767567,64463.42008795715,2.336293059785745,39.650702460379634
sleep,1.351990906632312e-09,5.34484143576522e-10,8.058321922801834e-10,1.8198899612622688e-08,6.713135902395806e-09,4.045522745909682,0.0549950208007782,128.05365401265402,64576.97996723411,1.981155323531768,29.26759075209428
rest,7.997264973353726e-10,3.4187156343617883e-10,4.79510079058871e-10,1.1139043125211e-08,5.206472782281957e-09,4.015146160147696,0.0693821932059593,128.63897318306692,64947.47280967487,1.5773827137400158,10.623266493152702
sleep,9.60038007277912e-10,5.279465912067512e-10,8.78576526366226e-10,1.7519390675794118e-08,5.1294073263699215e-09,4.059665193788983,0.05365891565135,127.14917019438894,64843.30305549782,1.81896613720868,20.93016502406048
sleep,7.295942227981179e-10,3.652419451336525e-10,6.075452614150243e-10,1.4507356061866616e-08,6.2977756021846055e-09,4.008894868098479,0.059814503376338,128.55076963661338,64602.70692743917,1.539072178185596,11.151921426366442
rest,1.044442178608605e-09,3.007850999703392e-10,3.2058906997360417e-10,6.398503412487818e-09,3.1835862283888558e-09,4.162864230064633,0.0648589334097323,127.9960839473027,64660.159490377606,1.471521782463021,8.928929992055547
sleep,8.028383524203894e-10,3.4252723979049936e-10,4.908248033018866e-10,1.1448098529936218e-08,5.209744243037253e-09,4.014597239401997,0.0717512895424867,128.6835645188145,64783.03717725661,1.414091433875109,7.605298991507754
sleep,1.4001576172207654e-09,2.8499535759601344e-10,1.3262902341089618e-10,1.7827072752722722e-10,8.288432280299196e-10,4.062277430784598,0.0303876411168321,170.66662703962703,77981.31517981835,6.198513065783645,260.91385221595084
sleep,7.285536721859091e-10,2.039491823082427e-10,9.418201508684539e-11,1.4703653324048782e-10,8.409668145851135e-10,4.051469588171867,0.0345016898472136,171.84864120254744,79263.89990631324,1.9695363259350307,22.89464586687282
sleep,7.618212130326955e-10,2.0107591728931038e-10,8.3018877885741e-11,2.0619870760812983e-10,8.67904511836165e-10,4.049672605083603,0.029872672387678,172.15504178113554,79229.57754576455,4.137525012273402,178.1657283730637
sleep,8.542736915392422e-10,2.3024376575943475e-10,8.439182632508043e-11,5.141928289055206e-10,9.183611361900115e-10,4.049988096030821,0.02615439453564,171.45664462620712,78345.88707067374,3.207120445535607,88.46717474028041
rest,8.260070006435516e-10,1.9102334693968504e-10,7.492138932255588e-11,1.359145442805394e-09,1.175233835636729e-09,4.051687050750491,0.0271189264085184,170.46891382055443,77869.30952965353,3.535998828394929,107.74623891090936
sleep,8.33075825744406e-10,2.1030713693787627e-10,8.987145815160154e-11,4.1008883719451105e-10,9.290120177012907e-10,4.051671191076744,0.0435707638822552,171.40458466533465,78621.77007806508,5.224713108257761,214.90354978088257
rest,8.627637713755808e-10,1.9675115594431918e-10,7.437076980880532e-11,6.794821265265993e-10,9.66239702666113e-10,4.05067612231284,0.0256760856555774,171.34775087412586,78585.56245132268,3.6264676614569535,103.28020918499298
sleep,1.2216816476691688e-09,2.7395209622123617e-10,1.3887458086553795e-10,2.5133958939909326e-10,7.97541736084599e-10,4.0566241919916735,0.0242719848409342,170.78538937104562,78545.71560077551,4.824972409140333,238.9134070356619
sleep,2.784217887339482e-09,4.4965223718053807e-10,2.427090593687474e-10,7.299106301580511e-10,9.319846231005712e-10,4.077485343239605,0.0319294238523852,170.8504460435398,78900.46668367804,6.9293378073619945,414.6973145688008
